Epoch,Batch,Loss_D,Loss_G
0,0,1.2565481662750244,1.5904626846313477
